{
  "logistic_regression_none": {
    "accuracy": 0.8267276422764228,
    "f1": 0.6289445048966268,
    "precision": 0.5422138836772983,
    "recall": 0.7487046632124352,
    "roc_auc": 0.8901813143983807
  },
  "random_forest_none": {
    "accuracy": 0.9059959349593496,
    "f1": 0.7649301143583227,
    "precision": 0.7506234413965087,
    "recall": 0.7797927461139896,
    "roc_auc": 0.9660330269940981
  },
  "extra_trees_none": {
    "accuracy": 0.8816056910569106,
    "f1": 0.743109151047409,
    "precision": 0.6468330134357005,
    "recall": 0.8730569948186528,
    "roc_auc": 0.951530495273904
  },
  "xgboost_none": {
    "accuracy": 0.9334349593495935,
    "f1": 0.8296488946684005,
    "precision": 0.8328981723237598,
    "recall": 0.8264248704663213,
    "roc_auc": 0.9780202144592992
  },
  "lightgbm_none": {
    "accuracy": 0.9253048780487805,
    "f1": 0.8191881918819188,
    "precision": 0.7798594847775175,
    "recall": 0.8626943005181347,
    "roc_auc": 0.9777549242449054
  },
  "logistic_regression_smote": {
    "accuracy": 0.8399390243902439,
    "f1": 0.6666666666666666,
    "precision": 0.5635062611806798,
    "recall": 0.8160621761658031,
    "roc_auc": 0.9006275259886154
  },
  "random_forest_smote": {
    "accuracy": 0.9095528455284553,
    "f1": 0.7829268292682927,
    "precision": 0.7396313364055299,
    "recall": 0.8316062176165803,
    "roc_auc": 0.9657022330230639
  },
  "extra_trees_smote": {
    "accuracy": 0.8800813008130082,
    "f1": 0.738359201773836,
    "precision": 0.6453488372093024,
    "recall": 0.8626943005181347,
    "roc_auc": 0.9527979929648965
  },
  "xgboost_smote": {
    "accuracy": 0.9308943089430894,
    "f1": 0.8287153652392947,
    "precision": 0.8063725490196079,
    "recall": 0.8523316062176166,
    "roc_auc": 0.9792533226780556
  },
  "lightgbm_smote": {
    "accuracy": 0.9354674796747967,
    "f1": 0.8378033205619413,
    "precision": 0.8261964735516373,
    "recall": 0.8497409326424871,
    "roc_auc": 0.9778368039407059
  },
  "logistic_regression_borderline_smote": {
    "accuracy": 0.8353658536585366,
    "f1": 0.6639004149377593,
    "precision": 0.5536332179930796,
    "recall": 0.8290155440414507,
    "roc_auc": 0.9010549380006945
  },
  "random_forest_borderline_smote": {
    "accuracy": 0.9080284552845529,
    "f1": 0.781136638452237,
    "precision": 0.7324263038548753,
    "recall": 0.8367875647668394,
    "roc_auc": 0.9653665262702815
  },
  "extra_trees_borderline_smote": {
    "accuracy": 0.8734756097560976,
    "f1": 0.7308108108108108,
    "precision": 0.62708719851577,
    "recall": 0.8756476683937824,
    "roc_auc": 0.9501663795418667
  },
  "xgboost_borderline_smote": {
    "accuracy": 0.9314024390243902,
    "f1": 0.8310387984981227,
    "precision": 0.8038740920096852,
    "recall": 0.8601036269430051,
    "roc_auc": 0.9788144475085646
  },
  "lightgbm_borderline_smote": {
    "accuracy": 0.931910569105691,
    "f1": 0.8286445012787724,
    "precision": 0.8181818181818182,
    "recall": 0.8393782383419689,
    "roc_auc": 0.9781594099421601
  },
  "logistic_regression_adasyn": {
    "accuracy": 0.818089430894309,
    "f1": 0.642,
    "precision": 0.5228013029315961,
    "recall": 0.8316062176165803,
    "roc_auc": 0.8974162043193176
  },
  "random_forest_adasyn": {
    "accuracy": 0.9085365853658537,
    "f1": 0.7852028639618138,
    "precision": 0.7278761061946902,
    "recall": 0.8523316062176166,
    "roc_auc": 0.9656219909211793
  },
  "extra_trees_adasyn": {
    "accuracy": 0.875,
    "f1": 0.7360515021459227,
    "precision": 0.6282051282051282,
    "recall": 0.8886010362694301,
    "roc_auc": 0.9540605778741411
  },
  "xgboost_adasyn": {
    "accuracy": 0.9334349593495935,
    "f1": 0.8348045397225725,
    "precision": 0.8132678132678133,
    "recall": 0.8575129533678757,
    "roc_auc": 0.9795759286795097
  },
  "lightgbm_adasyn": {
    "accuracy": 0.9344512195121951,
    "f1": 0.8365019011406845,
    "precision": 0.8188585607940446,
    "recall": 0.8549222797927462,
    "roc_auc": 0.9792500474902236
  },
  "stacking_ensemble": {
    "accuracy": 0.9202235772357723,
    "f1": 0.7858117326057299,
    "precision": 0.829971181556196,
    "recall": 0.7461139896373057,
    "roc_auc": 0.9686187877874797
  },
  "voting_ensemble": {
    "accuracy": 0.9329268292682927,
    "f1": 0.8316326530612245,
    "precision": 0.8190954773869347,
    "recall": 0.844559585492228,
    "roc_auc": 0.9787096414979399
  }
}